{"cameraMode":{"drawMode":0,"name":"Shaded","section":"Shading Mode"},"sceneLighting":false,"audioPlay":false,"sceneViewState":{"showFog":true,"showMaterialUpdate":false,"showSkybox":true,"showFlares":true,"showImageEffects":true,"showParticleSystems":true},"in2DMode":false,"pivot":{"x":6.119999885559082,"y":1.135653018951416,"z":-12.413512229919434},"rotation":{"x":-0.08744179457426071,"y":0.8548497557640076,"z":-0.15318162739276887,"w":-0.4879787564277649},"size":19.645469665527345,"orthographic":false}