{"cameraMode":{"drawMode":0,"name":"Shaded","section":"Shading Mode"},"sceneLighting":false,"audioPlay":false,"sceneViewState":{"showFog":true,"showMaterialUpdate":false,"showSkybox":true,"showFlares":true,"showImageEffects":true,"showParticleSystems":true},"in2DMode":false,"pivot":{"x":1.9199999570846558,"y":1.0646138191223145,"z":3.009999990463257},"rotation":{"x":-0.43981945514678957,"y":-0.13199351727962495,"z":0.06552920490503311,"w":-0.8859164118766785},"size":3.22467303276062,"orthographic":false}