{"cameraMode":{"drawMode":0,"name":"Shaded","section":"Shading Mode"},"sceneLighting":false,"audioPlay":false,"sceneViewState":{"showFog":false,"showMaterialUpdate":false,"showSkybox":false,"showFlares":false,"showImageEffects":false,"showParticleSystems":false},"in2DMode":false,"pivot":{"x":1.5910942554473878,"y":0.500416100025177,"z":-8.940696716308594e-8},"rotation":{"x":-0.2438143938779831,"y":-0.015472877770662308,"z":0.0038234058301895859,"w":-0.9697673320770264},"size":11.941438674926758,"orthographic":true}