{"cameraMode":{"drawMode":0,"name":"Shaded","section":"Shading Mode"},"sceneLighting":false,"audioPlay":false,"sceneViewState":{"showFog":true,"showMaterialUpdate":false,"showSkybox":true,"showFlares":true,"showImageEffects":true,"showParticleSystems":true},"in2DMode":false,"pivot":{"x":845.7677001953125,"y":729.8338623046875,"z":340.5091247558594},"rotation":{"x":-0.013264133594930172,"y":0.9084230065345764,"z":-0.028906406834721566,"w":-0.4168407618999481},"size":22.802276611328126,"orthographic":false}