{"cameraMode":{"drawMode":0,"name":"Shaded","section":"Shading Mode"},"sceneLighting":false,"audioPlay":false,"sceneViewState":{"showFog":false,"showMaterialUpdate":false,"showSkybox":true,"showFlares":false,"showImageEffects":false,"showParticleSystems":false},"in2DMode":false,"pivot":{"x":0.617642343044281,"y":1.5633020401000977,"z":5.7271928787231449},"rotation":{"x":-0.4065619111061096,"y":-0.40120729804039,"z":0.20523081719875337,"w":-0.7948428392410278},"size":10.313263893127442,"orthographic":true}