{"cameraMode":{"drawMode":0,"name":"Shaded","section":"Shading Mode"},"sceneLighting":false,"audioPlay":false,"sceneViewState":{"showFog":true,"showMaterialUpdate":false,"showSkybox":true,"showFlares":true,"showImageEffects":true,"showParticleSystems":true},"in2DMode":false,"pivot":{"x":-3.6391165256500246,"y":-0.42681121826171877,"z":10.885891914367676},"rotation":{"x":-0.03594011068344116,"y":0.9636723399162293,"z":-0.1726817488670349,"w":-0.2005675584077835},"size":18.19516372680664,"orthographic":false}