{"cameraMode":{"drawMode":0,"name":"Shaded","section":"Shading Mode"},"sceneLighting":false,"audioPlay":false,"sceneViewState":{"showFog":false,"showMaterialUpdate":false,"showSkybox":false,"showFlares":false,"showImageEffects":false,"showParticleSystems":false},"in2DMode":false,"pivot":{"x":-26.25807762145996,"y":-0.32992997765541079,"z":1.044848918914795},"rotation":{"x":-0.388793021440506,"y":-0.009169310331344605,"z":0.003838253440335393,"w":-0.9213553071022034},"size":22.0,"orthographic":true}