{"cameraMode":{"drawMode":0,"name":"Shaded","section":"Shading Mode"},"sceneLighting":false,"audioPlay":false,"sceneViewState":{"showFog":false,"showMaterialUpdate":false,"showSkybox":true,"showFlares":false,"showImageEffects":false,"showParticleSystems":false},"in2DMode":false,"pivot":{"x":0.5894931554794312,"y":0.34893959760665896,"z":0.8928282260894775},"rotation":{"x":-0.10202199965715409,"y":-0.8705967664718628,"z":0.20367194712162019,"w":-0.43611034750938418},"size":4.735742568969727,"orthographic":true}