{"cameraMode":{"drawMode":0,"name":"Shaded","section":"Shading Mode"},"sceneLighting":false,"audioPlay":false,"sceneViewState":{"showFog":false,"showMaterialUpdate":false,"showSkybox":true,"showFlares":false,"showImageEffects":false,"showParticleSystems":false},"in2DMode":false,"pivot":{"x":0.10048574209213257,"y":-0.7799999713897705,"z":-43.87744140625},"rotation":{"x":-0.1968214511871338,"y":-0.3260543644428253,"z":0.0696033239364624,"w":-0.922025203704834},"size":4.6103925704956059,"orthographic":true}