{"cameraMode":{"drawMode":0,"name":"Shaded","section":"Shading Mode"},"sceneLighting":false,"audioPlay":false,"sceneViewState":{"showFog":false,"showMaterialUpdate":false,"showSkybox":true,"showFlares":false,"showImageEffects":false,"showParticleSystems":false},"in2DMode":false,"pivot":{"x":1.8498249053955079,"y":1.0000578165054322,"z":5.4219231605529789},"rotation":{"x":-0.5983032584190369,"y":-0.10800278186798096,"z":0.08184737712144852,"w":-0.789803683757782},"size":11.171465873718262,"orthographic":true}