{"cameraMode":{"drawMode":0,"name":"Shaded","section":"Shading Mode"},"sceneLighting":false,"audioPlay":false,"sceneViewState":{"showFog":false,"showMaterialUpdate":false,"showSkybox":false,"showFlares":false,"showImageEffects":false,"showParticleSystems":false},"in2DMode":false,"pivot":{"x":2.7571678161621095,"y":11.170557022094727,"z":25.662155151367189},"rotation":{"x":0.19515718519687653,"y":-0.0613369420170784,"z":0.012676536105573178,"w":0.9789061546325684},"size":34.845497131347659,"orthographic":true}