{"cameraMode":{"drawMode":0,"name":"Shaded","section":"Shading Mode"},"sceneLighting":false,"audioPlay":false,"sceneViewState":{"showFog":true,"showMaterialUpdate":false,"showSkybox":true,"showFlares":true,"showImageEffects":true,"showParticleSystems":true},"in2DMode":false,"pivot":{"x":-3.971795082092285,"y":4.331695079803467,"z":16.114099502563478},"rotation":{"x":-0.16091948747634889,"y":-0.16001294553279878,"z":0.02644883468747139,"w":-0.9735548496246338},"size":10.715280532836914,"orthographic":true}