{"cameraMode":{"drawMode":0,"name":"Shaded","section":"Shading Mode"},"sceneLighting":false,"audioPlay":false,"sceneViewState":{"showFog":false,"showMaterialUpdate":false,"showSkybox":false,"showFlares":false,"showImageEffects":false,"showParticleSystems":false},"in2DMode":false,"pivot":{"x":-0.4743865728378296,"y":0.5004422068595886,"z":-1.000803828239441},"rotation":{"x":-0.45241689682006838,"y":-0.03428184613585472,"z":0.01737135462462902,"w":-0.8910622596740723},"size":26.7000732421875,"orthographic":true}