{"cameraMode":{"drawMode":0,"name":"Shaded","section":"Shading Mode"},"sceneLighting":false,"audioPlay":false,"sceneViewState":{"showFog":false,"showMaterialUpdate":false,"showSkybox":true,"showFlares":false,"showImageEffects":false,"showParticleSystems":false},"in2DMode":false,"pivot":{"x":-1.8849999904632569,"y":-1.1295838356018067,"z":9.329999923706055},"rotation":{"x":-0.15748098492622376,"y":-0.11908381432294846,"z":0.01913822442293167,"w":-0.9801483154296875},"size":6.0522308349609379,"orthographic":true}