{"cameraMode":{"drawMode":0,"name":"Shaded","section":"Shading Mode"},"sceneLighting":false,"audioPlay":false,"sceneViewState":{"showFog":false,"showMaterialUpdate":false,"showSkybox":true,"showFlares":false,"showImageEffects":false,"showParticleSystems":false},"in2DMode":false,"pivot":{"x":6.119999885559082,"y":1.135653018951416,"z":-12.413512229919434},"rotation":{"x":-0.1968214511871338,"y":-0.3260543644428253,"z":0.0696033239364624,"w":-0.922025203704834},"size":19.645469665527345,"orthographic":true}