{"cameraMode":{"drawMode":0,"name":"Shaded","section":"Shading Mode"},"sceneLighting":false,"audioPlay":false,"sceneViewState":{"showFog":false,"showMaterialUpdate":false,"showSkybox":false,"showFlares":false,"showImageEffects":false,"showParticleSystems":false},"in2DMode":false,"pivot":{"x":0.37500011920928957,"y":0.9299999475479126,"z":4.172429084777832},"rotation":{"x":-0.30872806906700137,"y":-0.2778651714324951,"z":0.09475074708461762,"w":-0.9047937393188477},"size":10.887455940246582,"orthographic":true}