{"cameraMode":{"drawMode":0,"name":"Shaded","section":"Shading Mode"},"sceneLighting":false,"audioPlay":false,"sceneViewState":{"showFog":true,"showMaterialUpdate":false,"showSkybox":true,"showFlares":true,"showImageEffects":true,"showParticleSystems":true},"in2DMode":false,"pivot":{"x":0.0,"y":0.600006103515625,"z":-7.380000114440918},"rotation":{"x":-0.013264133594930172,"y":0.9084230065345764,"z":-0.028906406834721566,"w":-0.4168407618999481},"size":17.920019149780275,"orthographic":false}