{"cameraMode":{"drawMode":0,"name":"Shaded","section":"Shading Mode"},"sceneLighting":false,"audioPlay":false,"sceneViewState":{"showFog":false,"showMaterialUpdate":false,"showSkybox":false,"showFlares":false,"showImageEffects":false,"showParticleSystems":false},"in2DMode":false,"pivot":{"x":-1.7544399499893189,"y":6.595745086669922,"z":-5.1034440994262699},"rotation":{"x":-0.4911538362503052,"y":-0.1394520252943039,"z":0.0799606591463089,"w":-0.8561998009681702},"size":14.795430183410645,"orthographic":true}