{"cameraMode":{"drawMode":0,"name":"Shaded","section":"Shading Mode"},"sceneLighting":false,"audioPlay":false,"sceneViewState":{"showFog":false,"showMaterialUpdate":false,"showSkybox":true,"showFlares":false,"showImageEffects":false,"showParticleSystems":false},"in2DMode":false,"pivot":{"x":-1.8849999904632569,"y":-1.1295838356018067,"z":9.329999923706055},"rotation":{"x":-0.04079664871096611,"y":0.011087039485573769,"z":-0.0004475326568353921,"w":-0.9991262555122376},"size":6.0522308349609379,"orthographic":true}