{"cameraMode":{"drawMode":0,"name":"Shaded","section":"Shading Mode"},"sceneLighting":false,"audioPlay":false,"sceneViewState":{"showFog":false,"showMaterialUpdate":false,"showSkybox":true,"showFlares":false,"showImageEffects":false,"showParticleSystems":false},"in2DMode":false,"pivot":{"x":0.44061321020126345,"y":4.040310382843018,"z":-21.046279907226564},"rotation":{"x":-0.17286317050457,"y":0.1956486701965332,"z":-0.035058777779340747,"w":-0.9646844267845154},"size":4.287961006164551,"orthographic":true}