{"cameraMode":{"drawMode":0,"name":"Shaded","section":"Shading Mode"},"sceneLighting":false,"audioPlay":false,"sceneViewState":{"showFog":true,"showMaterialUpdate":false,"showSkybox":true,"showFlares":true,"showImageEffects":true,"showParticleSystems":true},"in2DMode":false,"pivot":{"x":9.386670112609864,"y":8.459410667419434,"z":0.43725013732910159},"rotation":{"x":-0.2749825716018677,"y":0.7250030636787415,"z":-0.44381511211395266,"w":-0.44920554757118227},"size":0.8801314234733582,"orthographic":false}