{"cameraMode":{"drawMode":0,"name":"Shaded","section":"Shading Mode"},"sceneLighting":false,"audioPlay":false,"sceneViewState":{"showFog":false,"showMaterialUpdate":false,"showSkybox":false,"showFlares":false,"showImageEffects":false,"showParticleSystems":false},"in2DMode":false,"pivot":{"x":36.51416015625,"y":77.63809967041016,"z":67.53944396972656},"rotation":{"x":-0.30505821108818056,"y":0.545952558517456,"z":-0.22270138561725617,"w":-0.7478509545326233},"size":5.727912425994873,"orthographic":false}