{"cameraMode":{"drawMode":0,"name":"Shaded","section":"Shading Mode"},"sceneLighting":false,"audioPlay":false,"sceneViewState":{"showFog":false,"showMaterialUpdate":false,"showSkybox":false,"showFlares":false,"showImageEffects":false,"showParticleSystems":false},"in2DMode":false,"pivot":{"x":-26.53472900390625,"y":8.853806495666504,"z":12.000739097595215},"rotation":{"x":-0.26216140389442446,"y":-0.18490757048130036,"z":0.050963450223207477,"w":-0.9459176063537598},"size":55.92313766479492,"orthographic":true}