{"cameraMode":{"drawMode":0,"name":"Shaded","section":"Shading Mode"},"sceneLighting":false,"audioPlay":false,"sceneViewState":{"showFog":true,"showMaterialUpdate":false,"showSkybox":true,"showFlares":true,"showImageEffects":true,"showParticleSystems":true},"in2DMode":false,"pivot":{"x":485.3066711425781,"y":1154.995849609375,"z":-3017.11572265625},"rotation":{"x":-0.22776952385902406,"y":-0.5166857242584229,"z":0.14484013617038728,"w":-0.8125211000442505},"size":23.154878616333009,"orthographic":true}