{"cameraMode":{"drawMode":0,"name":"Shaded","section":"Shading Mode"},"sceneLighting":false,"audioPlay":false,"sceneViewState":{"showFog":false,"showMaterialUpdate":false,"showSkybox":true,"showFlares":false,"showImageEffects":false,"showParticleSystems":false},"in2DMode":false,"pivot":{"x":-0.02188148722052574,"y":-0.8765630125999451,"z":1.1899784803390504},"rotation":{"x":-0.10522528737783432,"y":-0.8670434355735779,"z":0.2069610059261322,"w":-0.44085749983787539},"size":3.4433794021606447,"orthographic":true}