{"cameraMode":{"drawMode":0,"name":"Shaded","section":"Shading Mode"},"sceneLighting":false,"audioPlay":false,"sceneViewState":{"showFog":false,"showMaterialUpdate":false,"showSkybox":false,"showFlares":false,"showImageEffects":false,"showParticleSystems":false},"in2DMode":false,"pivot":{"x":-1.12111234664917,"y":-3.316375732421875,"z":35.86265563964844},"rotation":{"x":-0.19103746116161347,"y":0.030029132962226869,"z":-0.005846712272614241,"w":-0.9811097383499146},"size":23.884592056274415,"orthographic":true}