{"cameraMode":{"drawMode":0,"name":"Shaded","section":"Shading Mode"},"sceneLighting":false,"audioPlay":false,"sceneViewState":{"showFog":false,"showMaterialUpdate":false,"showSkybox":false,"showFlares":false,"showImageEffects":false,"showParticleSystems":false},"in2DMode":false,"pivot":{"x":55.56999969482422,"y":156.07000732421876,"z":-76.23999786376953},"rotation":{"x":0.008441873826086522,"y":-0.9517278671264648,"z":0.30571430921554568,"w":0.02627956122159958},"size":14.007990837097168,"orthographic":false}