{"cameraMode":{"drawMode":0,"name":"Shaded","section":"Shading Mode"},"sceneLighting":false,"audioPlay":false,"sceneViewState":{"showFog":false,"showMaterialUpdate":false,"showSkybox":false,"showFlares":false,"showImageEffects":false,"showParticleSystems":false},"in2DMode":false,"pivot":{"x":6.9102277755737309,"y":-2.5801174640655519,"z":5.3834357261657719},"rotation":{"x":-0.12223170697689057,"y":-0.667404055595398,"z":0.1123739629983902,"w":-0.7259550094604492},"size":17.982547760009767,"orthographic":false}