{"cameraMode":{"drawMode":0,"name":"Shaded","section":"Shading Mode"},"sceneLighting":false,"audioPlay":false,"sceneViewState":{"showFog":false,"showMaterialUpdate":false,"showSkybox":false,"showFlares":false,"showImageEffects":false,"showParticleSystems":false},"in2DMode":false,"pivot":{"x":6.571171760559082,"y":3.0980539321899416,"z":-12.692492485046387},"rotation":{"x":-0.11375837028026581,"y":0.3488270342350006,"z":-0.04270127788186073,"w":-0.9292809963226318},"size":8.513489723205567,"orthographic":false}